credit_amount,target,PD,EAD,LGD,EL
1049,0,0.7444566441782597,1049,0.45,351.4207588843475
2799,0,0.13971061524631764,2799,0.45,175.97250543349938
841,0,0.4008213343981684,841,0.45,151.69083400298686
2122,0,0.11266385048173956,2122,0.45,107.58271082501311
2171,0,0.18878083108358562,2171,0.45,184.42943292710896
2241,0,0.09928685039788553,2241,0.45,100.12582428374766
3398,0,0.03029404905535108,3398,0.45,46.322630410537336
1361,0,0.06469604838226503,1361,0.45,39.62309483171822
1098,0,0.15936627050971225,1098,0.45,78.74287425884883
3758,0,0.3124576216026071,3758,0.45,528.3970838921689
3905,0,0.21879097105245987,3905,0.45,384.4704338819351
6187,0,0.2244413382979505,6187,0.45,624.8783520222389
1957,0,0.12689286970343716,1957,0.45,111.74820570433194
7582,0,0.7642922570349094,7582,0.45,2607.6887517774076
1936,0,0.24769949705428285,1936,0.45,215.79580183369123
2647,0,0.08024402540769693,2647,0.45,95.5826708643782
3939,0,0.22117617039265094,3939,0.45,392.04582082949344
3213,0,0.20075036963180776,3213,0.45,290.2549219321493
2337,0,0.1618416413323303,2337,0.45,170.20076210714515
7228,0,0.0972247834172616,7228,0.45,316.2333305429851
3676,0,0.19098625036759204,3676,0.45,315.92945535807075
3124,0,0.1738839804665598,3124,0.45,244.44609973988977
2384,1,0.7404312360850522,2384,0.45,794.3346300720441
1424,0,0.2762942951023845,1424,0.45,177.049384301608
4716,0,0.10938068811992435,4716,0.45,232.12769632810347
4771,0,0.13811865198567608,4771,0.45,296.5338398806473
652,0,0.6824764683638199,652,0.45,200.23859581794477
1154,0,0.050426328101100905,1154,0.45,26.186392182901702
3556,0,0.05698021996118678,3556,0.45,91.17974798189108
4796,0,0.2951616790734371,4796,0.45,637.017935776292
3017,0,0.07494677965494034,3017,0.45,101.75149539852976
3535,0,0.11950596471659075,3535,0.45,190.10411337291674
6614,0,0.18362017422990087,6614,0.45,546.508724560454
1376,0,0.06469346841673823,1376,0.45,40.05819564364431
1721,0,0.22163835321068107,1721,0.45,171.64782264401194
860,0,0.24358166551567137,860,0.45,94.26610455456482
1495,0,0.05894166530773608,1495,0.45,39.65300533577945
1934,0,0.04438893596252254,1934,0.45,38.631690968183364
3378,0,0.025608168185669654,3378,0.45,38.92697645903644
3868,0,0.0817906374098806,3868,0.45,142.36478347563818
996,0,0.07602482786758456,996,0.45,34.0743278502514
1755,0,0.4471021145987354,1755,0.45,353.0988950043513
1028,0,0.16636525222891047,1028,0.45,76.96056568109398
2825,0,0.11347600067100906,2825,0.45,144.25636585302027
1239,0,0.5785227830728555,1239,0.45,322.5553777022706
1216,1,0.870612512996671,1216,0.45,476.39916711177835
1258,0,0.1953030981299052,1258,0.45,110.56108385133935
1864,1,0.21256043592214788,1864,0.45,178.29569365149766
1474,0,0.23163383927964756,1474,0.45,153.64272559419024
1382,0,0.34363106561589724,1382,0.45,213.7041597065265
640,0,0.22164481269314867,640,0.45,63.83370605562682
3919,0,0.21134422100207606,3919,0.45,372.71610094821125
1224,0,0.061408303769324865,1224,0.45,33.823693716144135
2331,0,0.012122913947165404,2331,0.45,12.716330584879152
6313,0,0.03359748777128142,6313,0.45,95.44542313504483
385,0,0.2529456065767783,385,0.45,43.82282633942684
1655,0,0.01849592719538727,1655,0.45,13.774841778764669
1053,0,0.1359007586583147,1053,0.45,64.39657449024241
3160,0,0.03978248513281078,3160,0.45,56.57069385885694
3079,0,0.0962272600924316,3079,0.45,133.3276802210686
1163,0,0.05112765139444735,1163,0.45,26.757656357284024
2679,0,0.17602591007666063,2679,0.45,212.20803589291822
3578,0,0.029426023405253795,3578,0.45,47.37884028479914
10875,0,0.21836608844547692,10875,0.45,1068.6290453300526
1344,0,0.46815178316649625,1344,0.45,283.13819845909694
1237,0,0.03182837662104291,1237,0.45,17.717265846103537
3077,0,0.032109136672520314,3077,0.45,44.45991609360525
2284,0,0.10509067773614647,2284,0.45,108.01219857721135
1567,0,0.23890616728492753,1567,0.45,168.46468386096666
2032,0,0.30523223811256467,2032,0.45,279.10435853012916
2745,0,0.06675874638243767,2745,0.45,82.46374146890614
1867,0,0.04736024947752995,1867,0.45,39.78971359854679
2299,0,0.07437102770826867,2299,0.45,76.94054671558936
929,0,0.11537141383075021,929,0.45,48.231019551945124
3399,0,0.027919655771195803,3399,0.45,42.70450948483254
2030,0,0.10838696930733951,2030,0.45,99.01149646225466
3275,0,0.013636675852589403,3275,0.45,20.097051037753634
1940,0,0.04402248837015723,1940,0.45,38.43163234714726
1602,0,0.3818787966849462,1602,0.45,275.2964245301777
1979,0,0.02555188239655487,1979,0.45,22.75522886825194
2022,0,0.17367077682579998,2022,0.45,158.0230398337954
3342,0,0.027300205297646447,3342,0.45,41.056778747130494
5866,0,0.502416997847824,5866,0.45,1326.230149218901
2360,0,0.00942199586969686,2360,0.45,10.006159613618065
1520,0,0.024067459316698833,1520,0.45,16.462142172622002
3651,0,0.1887875861994867,3651,0.45,310.1685647464467
2346,0,0.025119946327254346,2346,0.45,26.519127337682413
4454,0,0.17229444130981603,4454,0.45,345.3297487172643
666,0,0.08833829865230992,666,0.45,26.474988106097285
1965,0,0.47824776918017964,1965,0.45,422.8905898975739
1995,0,0.3734075056957014,1995,0.45,335.2265882383159
2991,0,0.14884199648165813,2991,0.45,200.33388516448775
4221,0,0.6695507924948261,4221,0.45,1271.7782528042974
1364,0,0.14197974254384102,1364,0.45,87.14716597340961
6361,0,0.2872603184890647,6361,0.45,822.2682986590232
4526,0,0.08010835406042069,4526,0.45,163.1566847148588
3573,0,0.1352503219534755,3573,0.45,217.4622301528956
4455,1,0.6512523410379403,4455,0.45,1305.5981306958108
2136,0,0.3428701097740741,2136,0.45,329.56674951484007
5954,0,0.485359318159071,5954,0.45,1300.423221143599
3777,0,0.03660544056867862,3777,0.45,62.216437062554625
806,0,0.6368461821139799,806,0.45,230.98411025274055
4712,0,0.29952351618718254,4712,0.45,635.1096637233019
7432,0,0.7583812512746229,7432,0.45,2536.330256762849
1851,0,0.028366203572395172,1851,0.45,23.62762926562656
1393,0,0.06791935140734887,1393,0.45,42.575245429696636
1412,0,0.08162741406285652,1412,0.45,51.86605889553904
1473,0,0.09751942104302493,1473,0.45,64.64074823836907
1533,0,0.1872618798963025,1533,0.45,129.1826078464643
2012,0,0.0871958543305534,2012,0.45,78.94712651088304
3959,1,0.5048717974039587,3959,0.45,899.4543506650227
428,0,0.30817635628175344,428,0.45,59.35476621986571
2366,0,0.10529502933304237,2366,0.45,112.10761773089021
763,0,0.2531450724186631,763,0.45,86.91736061494797
3976,0,0.09790494341001037,3976,0.45,175.17152474919055
6260,0,0.5283967410724955,6260,0.45,1488.4936196012197
1919,0,0.1670394230321103,1919,0.45,144.24689375937885
2603,0,0.028742410358932092,2603,0.45,33.66742237393511
936,0,0.03516233908525519,936,0.45,14.810377222709487
3062,0,0.10668889760799889,3062,0.45,147.0066320140617
4795,0,0.7396129534836839,4795,0.45,1595.8998503794191
5842,0,0.03804159670474444,5842,0.45,100.00755357710267
2063,0,0.3823277184906145,2063,0.45,354.93393746076197
1459,0,0.05848007655790385,1459,0.45,38.395094264091775
1213,0,0.03473398174072482,1213,0.45,18.959543933174643
5103,0,0.1012032546408121,5103,0.45,232.3980937944289
874,0,0.1497663612978571,874,0.45,58.9031098984472
2978,0,0.026435797986053666,2978,0.45,35.42661288111052
1820,0,0.1520162657018504,1820,0.45,124.50132160981548
2872,0,0.01894221282595561,2872,0.45,24.48091585626503
1925,0,0.2112342877616946,1925,0.45,182.98170177356795
2515,0,0.11876778088445653,2515,0.45,134.4154360159837
2116,0,0.10049745779447819,2116,0.45,95.69367931190214
1453,0,0.1936829709677485,1453,0.45,126.63961056726237
1364,0,0.14327648003146679,1364,0.45,87.94310344331431
1543,0,0.054829907349802934,1543,0.45,38.071146168335666
1318,0,0.16926264367941604,1318,0.45,100.38967396626167
2325,0,0.571132826708639,2325,0.45,597.5477199439135
932,0,0.024066237278987896,932,0.45,10.093379914807523
3148,0,0.03627799860318058,3148,0.45,51.39141282126562
3835,0,0.040518848875229795,3835,0.45,69.92540344642782
3832,0,0.038768465413316994,3832,0.45,66.85234175872382
5084,0,0.16136161150987055,5084,0.45,369.1630948122819
2406,0,0.039007153852030026,2406,0.45,42.23304547559291
2394,0,0.14389801520413623,2394,0.45,155.02133177941596
2476,0,0.019884777357223604,2476,0.45,22.15561893141854
2964,0,0.1948835635159378,2964,0.45,259.93569701755786
1262,0,0.19487595256494294,1262,0.45,110.6700534616311
1542,0,0.04404397799058014,1542,0.45,30.56211632766356
1743,0,0.11274145594835877,1743,0.45,88.42876097309521
409,0,0.1525028082628516,409,0.45,28.068141860777835
2171,0,0.1565051728987905,2171,0.45,152.8977286634734
8858,0,0.04315211965206084,8858,0.45,172.00866414507973
3512,0,0.25306974168049673,3512,0.45,399.95141975185703
1158,0,0.23346617270257092,1158,0.45,121.65922259530971
2684,0,0.03851100967061104,2684,0.45,46.513597480164016
1498,0,0.5387511264992482,1498,0.45,363.1721343731432
5954,0,0.09094361684946325,5954,0.45,243.66523262476693
6416,1,0.9143091810288896,6416,0.45,2639.79346746661
3617,0,0.1809869797681284,3617,0.45,294.5834576195942
1291,0,0.05662699817479706,1291,0.45,32.897454589648355
1275,0,0.046796959725297745,1275,0.45,26.849755642389578
3972,0,0.19230107462214596,3972,0.45,343.71894077962367
3343,0,0.09460243393609341,3343,0.45,142.31517149176213
392,0,0.623770478576594,392,0.45,110.03311242091117
2134,0,0.06741718606125369,2134,0.45,64.74072377462191
5771,0,0.15865573005766878,5771,0.45,412.0209981732629
4526,0,0.08034631648037122,4526,0.45,163.64134277557204
2788,0,0.1158013235626706,2788,0.45,145.28434054172652
1382,0,0.030857727482391854,1382,0.45,19.190420721299493
5848,0,0.44167034447879755,5848,0.45,1162.2996785304038
1228,1,0.6700304678298774,1228,0.45,370.25883652279026
1297,0,0.1732312701775492,1297,0.45,101.1064308391266
1552,0,0.07428060684237281,1552,0.45,51.877575818713176
1963,0,0.11605475538404722,1963,0.45,102.51696816849812
3235,0,0.03542036949791069,3235,0.45,51.56320289658349
4139,0,0.08358580186484758,4139,0.45,155.68273526337185
1804,0,0.08270467388664719,1804,0.45,67.1396542611802
1950,0,0.21358383117205892,1950,0.45,187.41981185348172
12749,0,0.13991336707945815,12749,0.45,802.6899826032054
1236,0,0.19121835982413188,1236,0.45,106.35565173418216
1055,0,0.3267463285242535,1055,0.45,155.12281946688935
8072,0,0.7932422020591106,8072,0.45,2881.3729747595135
2831,0,0.10371384573309383,2831,0.45,132.1262537716749
1449,0,0.09528591404120465,1449,0.45,62.131180250567496
5742,0,0.18491154942908694,5742,0.45,477.79295256981777
2390,0,0.05307580815734731,2390,0.45,57.08303167322703
3430,0,0.03022878365068857,3430,0.45,46.65812756483781
2273,0,0.54957777193686,2273,0.45,562.1356240256172
2923,0,0.29193394592560934,2923,0.45,383.99531577325024
1901,0,0.12758206890435972,1901,0.45,109.14008084423452
3711,0,0.3545024001198215,3711,0.45,592.0012830800958
8487,0,0.5813140348321146,8487,0.45,2220.1254961290706
2255,0,0.1608577095686802,2255,0.45,163.23036078481823
1262,0,0.0949562497901911,1262,0.45,53.92565425584952
7253,0,0.058146367259050265,7253,0.45,189.7810207784512
6761,0,0.043182420024186687,6761,0.45,131.38035380258677
1817,0,0.18143892708589135,1817,0.45,148.35353873177908
2141,0,0.044887103672757236,2141,0.45,43.24648003351796
3609,0,0.5055359581617931,3609,0.45,821.01567285266
2333,0,0.07847257672358235,2333,0.45,82.38443467325293
7824,0,0.13368294325396063,7824,0.45,470.6709066085446
1445,0,0.18918840437753964,1445,0.45,123.01975994649516
7721,0,0.23987047596083777,7721,0.45,833.4179752021328
3763,0,0.14536009824404073,3763,0.45,246.14552236154637
4439,0,0.5581558070180457,4439,0.45,1114.944132308897
1107,0,0.32008654135993336,1107,0.45,159.4511105784508
1444,0,0.19048603556289115,1444,0.45,123.77782590876666
12169,0,0.9059600043778084,12169,0.45,4961.082281973098
2753,0,0.043677346019757576,2753,0.45,54.10968011657667
1494,0,0.021647350020222948,1494,0.45,14.55351341859589
2828,0,0.5982324671172629,2828,0.45,761.3106376534288
2483,0,0.5982324671172629,2483,0.45,668.4350471334737
1299,0,0.021448516681620226,1299,0.45,12.537730426241104
1549,0,0.14525820534487358,1549,0.45,101.25223203564411
3949,0,0.12934396326824535,3949,0.45,229.8506899258354
2901,0,0.03391437166794719,2901,0.45,44.27351649392166
709,0,0.021875297803340302,709,0.45,6.979313764155723
10722,0,0.7645295630196249,10722,0.45,3688.7786886133886
1287,0,0.03226343644067843,1287,0.45,18.685369214618913
1940,0,0.8339930313494197,1940,0.45,728.0759163680434
3656,0,0.06248550930091321,3656,0.45,102.80115990186242
4679,0,0.036443714366188755,4679,0.45,76.73406278372873
8613,0,0.03876976099195354,8613,0.45,150.26577814066314
2659,0,0.3045087828623495,2659,0.45,364.3599841339443
1516,0,0.024406796882755842,1516,0.45,16.650316833416035
4380,0,0.4513608234778338,4380,0.45,889.6321830748104
802,0,0.17225943966344795,802,0.45,62.16843177453836
1572,0,0.06815931321720714,1572,0.45,48.21589816985234
3566,0,0.7117216197405238,3566,0.45,1142.0996831976186
1278,0,0.06293686496271235,1278,0.45,36.194991040055875
426,0,0.13995496753866582,426,0.45,26.829367277162238
8588,0,0.17288848956313335,8588,0.45,668.1448567656852
3857,0,0.49312946756863985,3857,0.45,855.9001603855097
685,1,0.4108230326932236,685,0.45,126.6361998276862
1603,0,0.39739889609368473,1603,0.45,286.6636936971795
2241,0,0.112435200354825,2241,0.45,113.38527779782328
2384,0,0.4376035148043063,2384,0.45,469.46105068205986
601,0,0.1822020512058592,601,0.45,49.276544748624616
2569,0,0.09570141345290017,2569,0.45,110.63561902222526
1316,0,0.008007447429184992,1316,0.45,4.742010367563353
10366,0,0.31684124716451945,10366,0.45,1477.969365648334
1568,0,0.2824008731718705,1568,0.45,199.26205611007185
629,0,0.06180926104290524,629,0.45,17.495111338194327
1750,0,0.025920492068285894,1750,0.45,20.412387503775143
3488,0,0.06821734940326359,3488,0.45,107.07395162336253
1800,0,0.09416030995921625,1800,0.45,76.26985106696516
4151,0,0.07256885205902065,4151,0.45,135.55498720364764
2631,0,0.3386145519524233,2631,0.45,400.90269878407156
5248,0,0.0426913015429705,5248,0.45,100.81977772387914
2899,0,0.28571746634167305,2899,0.45,372.73272071602963
6204,0,0.433238898352673,6204,0.45,1209.5163564209925
804,0,0.08202682556148283,804,0.45,29.677305488144487
3595,0,0.16862816550389906,3595,0.45,272.7982147439327
5711,0,0.030889714116272227,5711,0.45,79.38502079311381
2687,0,0.15205846913423685,2687,0.45,183.86149795366248
3643,0,0.3198304706273109,3643,0.45,524.3140820228822
2146,0,0.14317353289982085,2146,0.45,138.26268072135701
2315,0,0.16961853474940813,2315,0.45,176.70010857519594
3448,0,0.04068599261604951,3448,0.45,63.128386143062414
2708,0,0.101510569205807,2708,0.45,123.70077963419642
1393,0,0.1410444693148395,1393,0.45,88.41372559000715
1275,0,0.45300378475993675,1275,0.45,259.9109215060137
1313,0,0.06872642989011829,1313,0.45,40.60701110057639
1493,0,0.10479099699200595,1493,0.45,70.4038313290792
2675,0,0.028543702187010737,2675,0.45,34.35948150761418
2118,0,0.10152585244015017,2118,0.45,96.76428996070713
909,0,0.12921461267145748,909,0.45,52.855237313259686
1258,0,0.1605690975345779,1258,0.45,90.89816611432455
1569,0,0.09668718818311847,1569,0.45,68.2659892166908
1236,0,0.013759900799518275,1236,0.45,7.653256824692065
7678,0,0.1519693422891505,7678,0.45,525.0692745432439
660,0,0.051910242661290754,660,0.45,15.417342070403354
2835,0,0.04891000970316525,2835,0.45,62.39694487881307
2670,0,0.04826821353174045,2670,0.45,57.99425855838615
3447,0,0.04736906084247129,3447,0.45,73.47651872579934
3568,0,0.1376393452669464,3568,0.45,220.99373276060916
3652,0,0.17625558501810873,3652,0.45,289.6584284187599
3660,0,0.3495115693802126,3660,0.45,575.6455547692102
1126,0,0.06465378333217559,1126,0.45,32.76007201441337
683,0,0.20587934780706363,683,0.45,63.27701754850101
2251,0,0.16405941769985452,2251,0.45,166.18398715906764
4675,0,0.06432370571939929,4675,0.45,135.32099590718624
2353,0,0.3577680911676977,2353,0.45,378.8227433329167
3357,0,0.3626033646655763,3357,0.45,547.7667728320529
672,0,0.1290396157331542,672,0.45,39.02157979770583
338,0,0.06545800205553812,338,0.45,9.956162112647348
2697,0,0.031270303983801345,2697,0.45,37.9512044299405
2507,0,0.03290623788781784,2507,0.45,37.1231722731417
1478,0,0.09595278136369667,1478,0.45,63.81819488499466
3565,0,0.03368675560074733,3565,0.45,54.04197767249891
2221,0,0.08833731484219559,2221,0.45,88.2887293190324
1898,0,0.005078478275445161,1898,0.45,4.337528295057711
1449,0,0.33411040136587017,1449,0.45,217.85668721061563
960,0,0.043271253622108735,960,0.45,18.693181564750972
8133,0,0.2631152571093089,8133,0.45,962.9623737315042
2301,0,0.1835764321355791,2301,0.45,190.08421665478537
1743,0,0.032282136720242396,1743,0.45,25.320493936522123
983,0,0.2680975599720968,983,0.45,118.59295565365701
2320,0,0.0566310663286136,2320,0.45,59.1228332470726
339,0,0.4114815513135008,339,0.45,62.77151065287455
5152,0,0.3433335160693554,5152,0.45,795.9844236551937
3749,0,0.3632666238016953,3749,0.45,612.84895768465
3074,0,0.007835092370734856,3074,0.45,10.838283276437526
745,1,0.12411799957681952,745,0.45,41.61055935812875
1469,0,0.188101053307391,1469,0.45,124.34420128885081
1374,0,0.20612676416229883,1374,0.45,127.44817828154937
783,0,0.0779638577556031,783,0.45,27.470565280186754
2606,0,0.5911071340152572,2606,0.45,693.191336059692
9436,0,0.1567461563543885,9436,0.45,665.5755291120045
930,0,0.023756273881740127,930,0.45,9.942000619508244
2751,0,0.030178780147536572,2751,0.45,37.3598208836429
250,0,0.030288892829054333,250,0.45,3.4075004432686127
1201,0,0.6511843843926131,1201,0.45,351.9326005449878
662,0,0.39369992550652555,662,0.45,117.28320780839397
1300,0,0.03492924942223204,1300,0.45,20.43361091200574
1559,0,0.297947651755207,1559,0.45,209.02517508886547
3016,0,0.1331557118271588,3016,0.45,180.7189320918199
1360,0,0.045773316346497235,1360,0.45,28.013269604056305
1204,0,0.1510366540188819,1204,0.45,81.83165914743022
1597,0,0.023962657930149865,1597,0.45,17.220764121502203
2073,0,0.20474121961104977,2073,0.45,190.99284671416777
2142,0,0.051160069483880556,2142,0.45,49.31319097551247
2132,0,0.13161003214182032,2132,0.45,126.26666483686242
1546,0,0.03141724676442405,1546,0.45,21.856978574009812
1287,0,0.045027603661583114,1287,0.45,26.077736660605858
1418,0,0.030085911766319112,1418,0.45,19.197820298088224
1343,0,0.01284942202991831,1343,0.45,7.7655482037811305
2662,0,0.034572057925097925,2662,0.45,41.41386818847481
6070,0,0.07904299220213175,6070,0.45,215.9059332001229
1927,0,0.09407828490722722,1927,0.45,81.57998475730209
2404,0,0.07807201997853011,2404,0.45,84.45831121277388
1554,0,0.034122831463568405,1554,0.45,23.862096042473386
1283,0,0.19636370665201552,1283,0.45,113.37058603554117
717,0,0.11901396750834568,717,0.45,38.39985661656773
1747,0,0.4441152938297504,1747,0.45,349.14123824425826
1288,0,0.021025079744402576,1288,0.45,12.186136219855733
1038,0,0.4107604581000932,1038,0.45,191.86620997855354
2848,0,0.05112913751600994,2848,0.45,65.52710264051834
1413,0,0.004034749190438818,1413,0.45,2.5654952727405225
3077,0,0.017301665157631596,3077,0.45,23.95675066051459
3632,0,0.24937814310070006,3632,0.45,407.5836370837842
3229,0,0.016013486757655324,3229,0.45,23.26839693321107
3577,0,0.015772084565759778,3577,0.45,25.38753592127523
682,0,0.0960108421181221,682,0.45,29.465727446051673
1924,0,0.01503152968851642,1924,0.45,13.014298404317516
727,0,0.13373548606162006,727,0.45,43.751564265059
781,0,0.2789321277393987,781,0.45,98.03069629401168
2121,0,0.44141902754258394,2121,0.45,421.31239083801927
701,0,0.16561726496210272,701,0.45,52.24396623229531
2069,0,0.010451577454597027,2069,0.45,9.730941189102563
1525,0,0.059468765932573296,1525,0.45,40.81044062122842
7629,0,0.2729218554187333,7629,0.45,936.9543757452825
3499,1,0.4737064393820232,3499,0.45,745.8744741289646
1346,0,0.05919340665765126,1346,0.45,35.85344641253937
10477,0,0.05017187554955436,10477,0.45,236.54283305970645
2924,0,0.19564900002836128,2924,0.45,257.43495423731775
1231,0,0.02070126581713082,1231,0.45,11.467466199399619
1961,0,0.46091210848234465,1961,0.45,406.731890130245
5045,0,0.041714532076416115,5045,0.45,94.70241644648368
1255,0,0.09505953670927667,1255,0.45,53.684873356564005
1858,0,0.703432412891701,1858,0.45,588.1398404187512
1221,0,0.01919017484452977,1221,0.45,10.544041568326882
1388,0,0.21066625073135145,1388,0.45,131.5821402068021
2279,0,0.07024480151640247,2279,0.45,72.03955619514656
2759,0,0.10604406673996462,2759,0.45,131.65901106100307
1258,0,0.1123122781822317,1258,0.45,63.57998067896137
1410,0,0.21062489924017969,1410,0.45,133.64149856789402
1403,0,0.45349919933199484,1403,0.45,286.31671949825494
3021,0,0.5470721907850994,3021,0.45,743.7172897628034
6568,0,0.6411484981255208,6568,0.45,1894.978501059789
2578,0,0.007141483177292445,2578,0.45,8.284834633976965
7758,0,0.1281139473132488,7758,0.45,447.2586014652829
343,0,0.5693343233701119,343,0.45,87.87675281217678
1591,0,0.07002981890862038,1591,0.45,50.137848847626756
3416,0,0.29570064279435593,3416,0.45,454.55102810348393
1108,1,0.6615924759094806,1108,0.45,329.870008488467
5965,0,0.22291609554602496,5965,0.45,598.3625294694175
1514,0,0.2253704706905578,1514,0.45,153.54490168147703
6742,0,0.01633025824397024,6742,0.45,49.54437048638131
3650,0,0.7262883117911005,3650,0.45,1192.9285521168827
3599,0,0.5379705540251378,3599,0.45,871.2702107714119
13756,0,0.22297414709847316,13756,0.45,1380.2545653689685
276,0,0.5167826522356507,276,0.45,64.18440540766781
4041,0,0.07122199006918715,4041,0.45,129.5136278413134
458,0,0.2655623100739784,458,0.45,54.73239210624695
918,1,0.4595615592022823,918,0.45,189.84488010646282
7393,0,0.2121622895574386,7393,0.45,705.8321130141646
1225,0,0.14899088403012545,1225,0.45,82.13122482160665
2812,0,0.15357114232061328,2812,0.45,194.32892349250406
3029,0,0.020799338288262702,3029,0.45,28.350538053816475
1480,0,0.1117346552743744,1480,0.45,74.41528041273335
1047,0,0.11271045790587424,1047,0.45,53.10353224235265
1471,0,0.0493500953946516,1471,0.45,32.66729564648963
5511,0,0.3441027184113246,5511,0.45,853.3575365241645
1206,0,0.29813504334587204,1206,0.45,161.79788802380477
6403,0,0.3307218686125584,6403,0.45,952.9254561267952
707,0,0.1458450534592764,707,0.45,46.40060375806878
1503,0,0.06536218642166117,1503,0.45,44.20771478629053
6078,0,0.3331484114645311,6078,0.45,911.1942201966391
2528,0,0.637547036595746,2528,0.45,725.2735088313207
1037,0,0.20647646345085421,1037,0.45,96.35224166934111
1352,0,0.1659315599731869,1352,0.45,100.95276108768691
3181,0,0.21735091312686025,3181,0.45,311.1269645954441
4594,0,0.1476372738843832,4594,0.45,305.21053630118536
5381,0,0.7271776780674448,5381,0.45,1760.8243885564143
4657,0,0.04702101695666812,4657,0.45,98.53959418524155
1391,0,0.2398860604348512,1391,0.45,150.1566795291951
1913,0,0.25160524085740027,1913,0.45,216.59437159209304
7166,0,0.1028730023044426,7166,0.45,331.73457053113606
1409,0,0.05443139735336195,1409,0.45,34.51222749189915
2978,0,0.08063606875242516,2978,0.45,108.06039573512494
976,0,0.01835498796080905,976,0.45,8.061510712387335
2375,0,0.08879846391465149,2375,0.45,94.90335830878378
522,0,0.025916032081642455,522,0.45,6.087675935977813
2743,0,0.06837809421994095,2743,0.45,84.40250060038412
1154,0,0.08428823407311908,1154,0.45,43.77087995417074
5804,0,0.023796641106696086,5804,0.45,62.15206724246884
1169,0,0.0537253379353434,1169,0.45,28.262214020887395
1478,0,0.22514726884436273,1478,0.45,149.74544850838566
776,0,0.1025036908178581,776,0.45,35.79428883359605
1322,0,0.17220715024264016,1322,0.45,102.44603367934664
1175,0,0.40432838599178905,1175,0.45,213.78863409315846
2133,0,0.14266516915077734,2133,0.45,136.93716260937362
1829,0,0.022357622301485486,1829,0.45,18.40144103523763
717,0,0.03538536356586035,717,0.45,11.417087554524842
11760,0,0.7485932865287022,11760,0.45,3961.555672309892
1501,1,0.12844552631476888,1501,0.45,86.75853074931065
1200,0,0.7220749779712042,1200,0.45,389.92048810445027
3195,0,0.13075494031559684,3195,0.45,187.99291543874938
4530,0,0.15445857631930804,4530,0.45,314.86380782690946
1555,1,0.07994474909684755,1555,0.45,55.941338180519075
2326,0,0.0835220280221563,2326,0.45,87.422506730791
1887,0,0.22795221765266493,1887,0.45,193.56562561976043
1264,0,0.06360451679776284,1264,0.45,36.17824915456751
846,0,0.02626682776255605,846,0.45,9.999781329205089
1532,0,0.12262553154574853,1532,0.45,84.53804144763903
935,0,0.08613168113460867,935,0.45,36.2399048373866
2442,0,0.42944947903497305,2442,0.45,471.9220325115319
3590,0,0.2901185060656154,3590,0.45,468.6864465490017
2288,0,0.2592877912221637,2288,0.45,266.9627098423398
5117,0,0.22325336298397463,5117,0.45,514.0743562750492
14179,0,0.491902653260628,14179,0.45,3138.6094742621
1386,0,0.040145496022598426,1386,0.45,25.03874586929464
618,0,0.04997922394983213,618,0.45,13.899222180448316
1574,0,0.08030869102408156,1574,0.45,56.88264585235697
700,0,0.02222056443162025,700,0.45,6.999477795960379
886,0,0.10365549243499572,886,0.45,41.32744483383279
4686,0,0.12890706744257402,4686,0.45,271.82633311615587
790,0,0.15924190647862999,790,0.45,56.61049775315296
766,1,0.1543342942980177,766,0.45,53.1990312445267
2212,0,0.2615406406538795,2212,0.45,260.33755370687163
7308,0,0.6874887361221489,7308,0.45,2260.875457611299
5743,0,0.6817048073662977,5743,0.45,1761.7638189170914
3973,0,0.5607021097426255,3973,0.45,1002.4512669033529
7418,0,0.28162970068396337,7418,0.45,940.108103853138
2629,0,0.4537024482306887,2629,0.45,536.7526813793163
1941,0,0.2409329496620441,1941,0.45,210.44288488231243
2333,0,0.38884813966237297,2333,0.45,408.2322194245423
2445,0,0.036959727954138176,2445,0.45,40.66494068154053
6468,0,0.17910392975116793,6468,0.45,521.2998979337494
7374,0,0.628429729212025,7374,0.45,2085.3183704442627
3812,0,0.0732158970088138,3812,0.45,125.59454972891918
4006,1,0.4452836248396379,4006,0.45,802.7127904984152
7472,0,0.49444032351163064,7472,0.45,1662.5061437755069
1424,0,0.09583995533897662,1424,0.45,61.41424338121622
2028,0,0.1385316296399829,2028,0.45,126.42396520944838
5324,0,0.08183031298734691,5324,0.45,196.04906385508576
2323,0,0.47332129255179595,2323,0.45,494.7864131690199
1393,0,0.18890454726155,1393,0.45,118.41481545090262
1984,0,0.334056531178101,1984,0.45,298.24567103580864
999,0,0.07141466913958311,999,0.45,32.10446451169959
7409,0,0.14627931117770385,7409,0.45,487.7025374320235
2186,0,0.06346188979225875,2186,0.45,62.42746098864493
4473,0,0.28388513503618595,4473,0.45,571.4181940575869
937,0,0.11247922076107432,937,0.45,47.42686343390699
3422,0,0.16467678157857385,3422,0.45,253.5857759528459
3105,0,0.08161921563334307,3105,0.45,114.04244904368862
2748,0,0.1699189847441715,2748,0.45,210.12181653464248
3872,0,0.5472873475884608,3872,0.45,953.5934744381341
5190,0,0.11277906597938425,5190,0.45,263.39550859485195
3001,0,0.3406746411583854,3001,0.45,460.0640691523416
3863,0,0.19274226666491182,3863,0.45,335.05351925694947
5801,0,0.008054238867362295,5801,0.45,21.025187851305905
1592,0,0.014499070489683541,1592,0.45,10.38713409880929
1185,0,0.09437821970915614,1185,0.45,50.327185659907514
3780,0,0.1563647478884241,3780,0.45,265.9764361582094
3612,0,0.10719897103730747,3612,0.45,174.24120752403957
1076,0,0.11965448674768617,1076,0.45,57.93670248322964
3527,0,0.04018152774094044,3527,0.45,63.774111754033626
2051,0,0.18859512408103488,2051,0.45,174.06386977059114
3331,0,0.04446738538536225,3331,0.45,66.65438732338875
3104,0,0.707388239318235,3104,0.45,988.0798926797106
2611,0,0.06141517609286197,2611,0.45,72.15976115030817
1409,0,0.13294827353923014,1409,0.45,84.29585283754888
1311,0,0.11018948568052037,1311,0.45,65.00628707722299
2108,0,0.04461266599561637,2108,0.45,42.31957496344169
4042,0,0.012808950783829124,4042,0.45,23.298200580706794
926,0,0.0983946177732725,926,0.45,41.001037226122655
1680,0,0.06674757745225271,1680,0.45,50.46116855390305
1249,0,0.26752903649507503,1249,0.45,150.36469496205692
2463,0,0.09180490903611212,2463,0.45,101.75197093017486
1595,0,0.022286190153180025,1595,0.45,15.995912982444963
2058,0,0.21118340379120698,2058,0.45,195.57695025103678
7814,0,0.07453273777711772,7814,0.45,262.07946584567907
1740,0,0.02022033746578855,1740,0.45,15.832524235712437
1240,0,0.02671138262498915,1240,0.45,14.904951504743945
6842,0,0.013157954063648175,6842,0.45,40.51202476656637
5150,0,0.13922135720260626,5150,0.45,322.64549531704
1203,0,0.2974051512970582,1203,0.45,161.00027865466245
2080,0,0.03269893919499515,2080,0.45,30.60620708651546
1538,0,0.16365715432956127,1538,0.45,113.26711651148936
3878,0,0.5072512066179088,3878,0.45,885.2040806689126
3832,0,0.4762033411188955,3832,0.45,821.1650414254234
3186,0,0.05138012564273528,3186,0.45,73.66368613398957
2896,0,0.2130645960423423,2896,0.45,277.6657815623805
6967,0,0.45787354423202614,6967,0.45,1435.5022421990368
1819,1,0.4592336410176238,1819,0.45,375.905696854976
5943,1,0.07752430511903853,5943,0.45,207.3271253951007
7127,1,0.3368626309465113,7127,0.45,1080.3689868401038
3349,1,0.3007308462975585,3349,0.45,453.21642191273554
10974,1,0.6135429694511018,10974,0.45,3029.8592460403756
518,0,0.07833105650212288,518,0.45,18.258969270644847
1126,0,0.20785267854316583,1126,0.45,105.31895221782213
1860,0,0.09395160000634799,1860,0.45,78.63748920531327
9566,0,0.20390202876645505,9566,0.45,877.737063230959
701,0,0.3419660543201762,701,0.45,107.87319183529956
2930,0,0.13864690561455623,2930,0.45,182.8059450527924
1505,0,0.19400674970051873,1505,0.45,131.3910712346763
2238,0,0.0970924985351772,2238,0.45,97.78185527477696
1503,0,0.011297846510035183,1503,0.45,7.641298487062295
2197,0,0.019810152361876367,2197,0.45,19.58530713256907
1881,0,0.1323314191999329,1881,0.45,112.01192978178321
1880,0,0.2455456408259759,1880,0.45,207.7316121387756
2389,0,0.6622335693684259,2389,0.45,711.9341987495263
1967,0,0.4690772740442706,1967,0.45,415.2037491202861
3380,0,0.030607494380609303,3380,0.45,46.55399895290675
1455,0,0.027923450405807865,1455,0.45,18.2828791532027
730,0,0.01821102932295193,730,0.45,5.982323132589708
3244,0,0.6892075720372952,3244,0.45,1006.1052136600437
1670,1,0.36281361668415546,1670,0.45,272.6544329381428
3979,0,0.2588803863167091,3979,0.45,463.53827571938353
1922,1,0.3655437221317777,1922,0.45,316.15876527177454
1295,0,0.5070904671112284,1295,0.45,295.50696970906836
1544,0,0.011297846510035183,1544,0.45,7.849743755172445
907,0,0.37446158523752654,907,0.45,152.83649601469645
1715,0,0.27791140131101905,1715,0.45,214.47812396177895
1347,0,0.03842593429306151,1347,0.45,23.291880071739232
1007,0,0.2758408174627892,1007,0.45,124.99726643326294
1402,0,0.03518696411065243,1402,0.45,22.199455657410624
2002,0,0.406593898715693,2002,0.45,366.3004433529678
2096,0,0.04236371241177452,2096,0.45,39.957453546785736
1101,0,0.1308469152296825,1101,0.45,64.8281041505462
894,0,0.037306220967596726,894,0.45,15.008292695264164
1577,0,0.28240204800897506,1577,0.45,200.40661336956916
2764,0,0.2588498669963442,2764,0.45,321.95746457005293
8358,0,0.8339815015766006,8358,0.45,3136.6878255797524
1474,0,0.46818784251731704,1474,0.45,310.5489959417364
5433,0,0.09204384824892121,5433,0.45,225.03340239137503
1410,0,0.0646810464925688,1410,0.45,41.0401239995349
3485,0,0.054942872147830224,3485,0.45,86.16415924583475
3850,0,0.03795280629732782,3850,0.45,65.75323691012046
7408,1,0.8984402164618237,7408,0.45,2995.0403055971356
1377,0,0.2362870049082964,1377,0.45,146.41524259142588
4272,0,0.1612891854202614,4272,0.45,310.0623300519105
1553,0,0.31371701033015853,1553,0.45,219.2411326692313
9857,0,0.5157865375475414,9857,0.45,2287.8485552727525
362,0,0.08942770672796617,362,0.45,14.56777342598569
1935,0,0.0711981847895574,1935,0.45,61.99581940550711
10222,0,0.17853940324905831,10222,0.45,821.2634010053433
1330,0,0.3805065480946838,1330,0.45,227.73316903466826
9055,0,0.2366982941018792,9055,0.45,964.4863738916323
7966,0,0.36914752517213884,7966,0.45,1323.2831334845662
3496,0,0.3440079095215272,3496,0.45,541.1932432592666
6948,0,0.27778490757990365,6948,0.45,868.5222920393267
12204,0,0.6654128152750091,12204,0.45,3654.3140989272947
3446,1,0.5352053513605511,3446,0.45,829.9429383548066
684,1,0.6714861644620708,684,0.45,206.68344142142539
4281,1,0.3335798498459682,4281,0.45,642.6249017357655
7174,1,0.5360604995069008,7174,0.45,1730.564110558128
1546,1,0.540548207840117,1546,0.45,376.05938819436943
2359,1,0.4918843205497129,2359,0.45,522.1598004795477
3621,1,0.057553430737285145,3621,0.45,93.78043771486928
741,1,0.7048144905895118,741,0.45,235.02039188707275
7865,1,0.7053558713567923,7865,0.45,2496.430767699527
2910,0,0.1510781934057863,2910,0.45,197.83689426487717
5302,0,0.4256353339332491,5302,0.45,1015.523343231339
3620,0,0.31392211801431563,3620,0.45,511.3791302453202
3509,0,0.34294582158285936,3509,0.45,541.5285995704141
3017,0,0.34144401740690744,3017,0.45,463.5614702324879
1657,0,0.2391209371985087,1657,0.45,178.300526822068
1164,0,0.34090263196343945,1164,0.45,178.5647986224496
6229,1,0.9131517147295284,6229,0.45,2559.6099139726043
1193,1,0.9026290271496683,1193,0.45,484.5763932252994
4583,0,0.6077253124724957,4583,0.45,1253.3422981776516
5371,0,0.35152186935091045,5371,0.45,849.610782127683
708,0,0.19729024986976118,708,0.45,62.85667360850591
571,0,0.3980415156141985,571,0.45,102.2767674370683
2522,0,0.12134979553920985,2522,0.45,137.71988295744927
5179,1,0.6914106538382608,5179,0.45,1611.367099302759
8229,1,0.5037659048904487,8229,0.45,1865.470334104576
2028,0,0.058128471596198716,2028,0.45,53.04804317869095
1374,0,0.3853124845787564,1374,0.45,238.23870921504508
1289,0,0.39563930567995576,1289,0.45,229.49057925965835
2712,1,0.4625784232174933,2712,0.45,564.5307076946289
975,0,0.33087778172714083,975,0.45,145.17262673278304
1050,0,0.1426953878098695,1050,0.45,67.42357074016336
609,0,0.3249961718727314,609,0.45,89.06520090172204
4788,0,0.5885748027453913,4788,0.45,1268.1432699952202
3069,0,0.47430123313654327,3069,0.45,655.0337180232231
836,1,0.7485435363880221,836,0.45,281.6020783891739
2577,0,0.39490914618455514,2577,0.45,457.95639137291937
1620,0,0.5225121114096688,1620,0.45,380.9113292176486
1845,0,0.3521434930921222,1845,0.45,292.36713513973444
6579,0,0.6031119629750078,6579,0.45,1785.5431219856591
1893,0,0.45833504932580943,1893,0.45,390.43271176819076
10623,0,0.30968182547953227,10623,0.45,1480.3875144310823
2249,0,0.6152094131104116,2249,0.45,622.622686538392
3108,1,0.5605916854758167,3108,0.45,784.0435313064773
958,0,0.10752828403478043,958,0.45,46.35544324739385
9277,0,0.08339376719444475,9277,0.45,348.1397902182888
6314,0,0.49901486675425516,6314,0.45,1417.8509409088654
1526,0,0.19309295278229124,1526,0.45,132.5969306755994
3590,0,0.439014394203162,3590,0.45,709.2277538352082
6615,0,0.28058067112968393,6615,0.45,835.2185127852867
1872,0,0.2756947807794294,1872,0.45,232.2452833285913
2859,0,0.09343334852728936,2859,0.45,120.20667454778413
1582,0,0.016486752827519133,1582,0.45,11.736919337910871
1238,0,0.020664992670056684,1238,0.45,11.51246741648858
2578,0,0.5879856256356695,2578,0.45,682.1221242999401
1433,0,0.47608479050761965,1433,0.45,307.00327715883856
7882,0,0.4852749552054882,7882,0.45,1721.221738618346
4169,0,0.5393521645866031,4169,0.45,1011.8516283726967
3959,0,0.7173708379863117,3959,0.45,1278.0320164145137
3249,0,0.5765134131179409,3249,0.45,842.8914356490856
3149,0,0.7786523089945396,3149,0.45,1103.3892544607124
2246,1,0.23549499147310848,2246,0.45,238.01478788187077
1797,0,0.29193210149715654,1797,0.45,236.07089387567564
4272,0,0.3511301000720579,4272,0.45,675.0125043785241
2957,0,0.15831531367166082,2957,0.45,210.66227213719546
2348,0,0.2896303487058803,2348,0.45,306.0234264426331
6289,0,0.8102718384531371,6289,0.45,2293.1098164143004
6419,0,0.272147545722033,6419,0.45,786.1117931953784
6143,1,0.6828395905101083,6143,0.45,1887.6076220266182
1597,0,0.18316071152737315,1597,0.45,131.6284453391467
15857,0,0.9073974044234101,15857,0.45,6474.870288873906
2223,0,0.05890766039299664,2223,0.45,58.92827807413419
7238,0,0.16874552014495275,7238,0.45,549.6210336641255
2503,0,0.46737453802568507,2503,0.45,526.4273109052303
2622,0,0.3908293410407718,2622,0.45,461.1395394940067
4351,0,0.16861190885593252,4351,0.45,330.13368694447314
368,0,0.09399178678477076,368,0.45,15.565039891558037
754,0,0.08318908023852373,754,0.45,28.226054924931105
2424,0,0.025589769274189215,2424,0.45,27.913320324285596
6681,0,0.6188850177715897,6681,0.45,1860.6468616793957
2427,0,0.27211914400851483,2427,0.45,297.1949231288995
1216,1,0.3151502406756252,1216,0.45,172.45021169770212
753,0,0.10619827808829431,753,0.45,35.985286530218524
2576,0,0.01254739238127795,2576,0.45,14.5449372483774
590,0,0.08629680492023924,590,0.45,22.91180170632352
1414,0,0.038909930800012434,1414,0.45,24.75838896804791
1103,0,0.1553702529959429,1103,0.45,77.11802507453626
585,0,0.5690663301302544,585,0.45,149.80671140678947
1068,0,0.20695872889914363,1068,0.45,99.46436510892842
713,0,0.21207577846600953,713,0.45,68.04451352081915
1092,0,0.17603292659435724,1092,0.45,86.50258012846714
2329,0,0.07577474933458818,2329,0.45,79.41572604011515
882,0,0.14409299109645982,882,0.45,57.190508166184905
866,0,0.3244074966141871,866,0.45,126.42160143054872
2415,0,0.052585469210188245,2415,0.45,57.14725866417207
2101,0,0.2006989170403908,2101,0.45,189.75079111583747
1301,0,0.21432006842428855,1301,0.45,125.47368405899974
1113,0,0.3902423549894536,1113,0.45,195.45288349646785
760,0,0.14239026059931395,760,0.45,48.69746912496537
625,0,0.3490386766683343,625,0.45,98.16712781296904
1323,0,0.10489670879342086,1323,0.45,62.450255580163116
1138,0,0.21131249190033977,1138,0.45,108.213127102164
1795,0,0.12465417906524193,1795,0.45,100.68941313994917
2728,0,0.024388257944467175,2728,0.45,29.939025452627906
484,0,0.10377198245430506,484,0.45,22.601537778547645
1048,0,0.5879423828670914,1048,0.45,277.2736277601203
1155,0,0.13604690305497197,1155,0.45,70.71037786282167
7057,0,0.1311243408594893,7057,0.45,416.4050130504372
1537,0,0.01798174450358634,1537,0.45,12.437073585905495
2214,0,0.43942933621355473,2214,0.45,437.80344766956455
1585,0,0.06678721187853434,1585,0.45,47.63597887236462
1521,0,0.48225042671679474,1521,0.45,330.07630456631017
3990,0,0.7699637732450368,3990,0.45,1382.4699548614635
3049,0,0.29473793562635486,3049,0.45,404.39518457614025
1282,1,0.4663032273349041,1282,0.45,269.0103318495062
10144,0,0.24832934712489207,10144,0.45,1133.5738037557073
1168,0,0.5269118149032823,1168,0.45,276.9448499131652
454,0,0.43580966422513334,454,0.45,89.03591440119474
3594,0,0.043362416732798593,3594,0.45,70.13003658195517
1768,0,0.12395414414026,1768,0.45,98.61791707799085
15653,0,0.22689256718848008,15653,0.45,1598.1972093905754
2247,0,0.2563040505501402,2247,0.45,259.16184071377427
1413,0,0.11926824925383278,1413,0.45,75.83671628804957
4576,0,0.2294162378495819,4576,0.45,472.4139169798591
1231,0,0.18977195565036334,1231,0.45,105.12417483251878
8335,1,0.3077370910293952,8335,0.45,1154.2448941785042
5800,0,0.17269275572045917,5800,0.45,450.7280924303984
8471,0,0.7376603221856726,8471,0.45,2811.9242651556747
3622,0,0.43667106763068136,3622,0.45,711.7301731312476
1169,0,0.07511460821481077,1169,0.45,39.514039651401205
1262,0,0.04164507263112161,1262,0.45,23.650236747213963
3617,0,0.2772781220414296,3617,0.45,451.3117353407329
2181,0,0.14494782705866044,2181,0.45,142.2590448667223
7685,1,0.787240274968445,7685,0.45,2722.473680909625
6110,0,0.4189054867439576,6110,0.45,1151.7806358025116
3757,0,0.5329259776356658,3757,0.45,900.9913040897385
3394,0,0.7339951954175893,3394,0.45,1121.030861961284
6304,0,0.07374049479896093,6304,0.45,209.1870356456924
1244,0,0.0833026921293149,1244,0.45,46.63284705399048
3518,0,0.0653655656697837,3518,0.45,103.48022701183459
2613,0,0.4859398997831326,2613,0.45,571.3924311599965
7476,0,0.8607983428452615,7476,0.45,2895.8977850000288
4591,1,0.047565137839470244,4591,0.45,98.26719651945355
1924,1,0.5285806750626298,1924,0.45,457.6451484692249
5595,1,0.47198909819140383,5595,0.45,1188.350551971407
6224,1,0.7853329423052277,6224,0.45,2199.5605048084817
1905,0,0.2643141166070255,1905,0.45,226.5832764613726
2993,0,0.05927742915341057,2993,0.45,79.83780545527102
8947,0,0.09471014463089744,8947,0.45,381.3172488056877
4020,0,0.45167881474502086,4020,0.45,817.0869758737427
2779,0,0.2707721919295498,2779,0.45,338.61416461749855
2782,0,0.08890765727065275,2782,0.45,111.30349613713018
1884,0,0.1151315166033168,1884,0.45,97.60849977629199
11054,0,0.08246579489905072,11054,0.45,410.20960356634805
9157,0,0.42333124261691346,9157,0.45,1744.3998848893846
9283,0,0.7969530647663879,9283,0.45,3329.1518851018704
6527,0,0.3069048198891338,6527,0.45,901.4254917373694
3368,0,0.011700808850341965,3368,0.45,17.733745893578284
2511,0,0.5491292936774336,2511,0.45,620.4886453908161
5493,0,0.4277931907615208,5493,0.45,1057.4405985838653
1338,0,0.04871511586540395,1338,0.45,29.33137126255972
1082,0,0.17629907435539016,1082,0.45,85.84001930363947
1149,0,0.02275402529762587,1149,0.45,11.764968780137455
1308,0,0.2878583412200551,1308,0.45,169.43341964212442
6148,0,0.48253787972375517,6148,0.45,1334.989298043741
1736,0,0.08797274037977493,1736,0.45,68.72430478468017
3059,0,0.019393502422160477,3059,0.45,26.696125759225
2996,1,0.23040465061166684,2996,0.45,310.63154995464924
7596,0,0.024500642253898006,7596,0.45,83.74809535227418
4811,0,0.09368764387903328,4811,0.45,202.8290646159131
1766,0,0.08949885249162474,1766,0.45,71.12473807509419
2760,0,0.1545691209571069,2760,0.45,191.97484822872678
5507,0,0.15918983442871262,5507,0.45,394.4962881895142
1199,0,0.47877851311152964,1199,0.45,258.3249467493258
2892,0,0.27835521818874126,2892,0.45,362.2514809508279
2862,0,0.6529761248828064,2862,0.45,840.9679512365665
654,1,0.48417329115024044,654,0.45,142.49219958551575
1136,1,0.18754534609821918,1136,0.45,95.87318092540966
4113,1,0.22208643037238052,4113,0.45,411.04866965472047
14555,1,0.3061080752833758,14555,0.45,2004.9313660872908
950,1,0.7348153833302432,950,0.45,314.133576373679
1199,1,0.4221312786104241,1199,0.45,227.7609313742543
1082,1,0.7466713724753299,1082,0.45,363.55429125823815
2150,1,0.6920787572174155,2150,0.45,669.5861976078495
2820,1,0.6443829349382073,2820,0.45,817.7219444365851
3060,1,0.3489386172682392,3060,0.45,480.48847597836544
2600,1,0.5525537722481143,2600,0.45,646.4879135302937
5003,1,0.3546798874570663,5003,0.45,798.5085646264663
6288,1,0.850802584664365,6288,0.45,2407.4309935662873
2538,1,0.12993993502892806,2538,0.45,148.40439979653874
1478,1,0.07414842952584572,1478,0.45,49.316120477639984
4933,1,0.16946206723057902,4933,0.45,376.18036994180085
1530,1,0.13650801147343272,1530,0.45,93.98576589945843
1437,1,0.361593142817369,1437,0.45,233.82420580285165
1275,1,0.4564867684358704,1275,0.45,261.90928339008065
1823,1,0.49392314199616244,1823,0.45,405.18984953655183
1422,1,0.5211318837075458,1422,0.45,333.47229238445857
1217,1,0.519964949747353,1217,0.45,284.75880472913786
9271,1,0.6976717196936164,9271,0.45,2910.651530975783
2145,1,0.5371336635271939,2145,0.45,518.4682687196239
1842,1,0.7037919786604814,1842,0.45,583.3731711116731
4297,1,0.6455313951293714,4297,0.45,1248.231782191909
3384,1,0.21947544439317546,3384,0.45,334.2172067219276
1245,1,0.29259909893805125,1245,0.45,163.92864518004322
4623,1,0.12099005988089077,4623,0.45,251.70167107321112
8386,1,0.2153515642325042,8386,0.45,812.6721979442012
1024,1,0.4488792680214656,1024,0.45,206.84356670429136
14318,1,0.8143532083701782,14318,0.45,5246.959156849895
433,1,0.7391423795296377,433,0.45,144.02189265134993
2149,1,0.801910237184309,2149,0.45,775.487294869086
2397,1,0.029395877788972576,2397,0.45,31.70786357707527
931,1,0.6389144109820902,931,0.45,267.67319248094674
1512,1,0.13743276838163387,1512,0.45,93.50925560686369
4241,1,0.4224199095865584,4241,0.45,806.1672764504674
4736,1,0.526989333719786,4736,0.45,1123.1196680236078
1778,1,0.6410882996535738,1778,0.45,512.9347485528244
2327,1,0.13347473567965928,2327,0.45,139.76806946695524
6872,1,0.8454066584552484,6872,0.45,2614.3355506070106
795,1,0.7589977476026254,795,0.45,271.5314442048392
1908,1,0.3100419953207984,1908,0.45,266.2020571824375
1953,1,0.8436335478811721,1953,0.45,741.4273435553681
2864,1,0.12279128542479986,2864,0.45,158.25340865548208
2319,1,0.406985447363415,2319,0.45,424.70966359609173
915,1,0.586520791914266,915,0.45,241.49993607069902
947,1,0.454011470068329,947,0.45,193.4769879696184
1381,1,0.3847689435002858,1381,0.45,239.11465993825263
1285,1,0.530039640050435,1285,0.45,306.4954218591641
1371,1,0.5707043041657772,1371,0.45,352.0960204550763
1042,1,0.5008221181125795,1042,0.45,234.83549118298853
900,1,0.45832529457592547,900,0.45,185.6217443032498
1207,1,0.8321597954330443,1207,0.45,451.987592889458
2278,1,0.8009866476600951,2278,0.45,821.0914125163636
6836,1,0.7107194863597078,6836,0.45,2186.3152839397335
3345,1,0.45221208269906177,3345,0.45,680.6922374827627
1198,1,0.7688219414335979,1198,0.45,414.47190862685267
15672,1,0.7107484951150903,15672,0.45,5012.482686949663
7297,1,0.8935896186549799,7297,0.45,2934.2355512964245
1943,1,0.4655875939208663,1943,0.45,407.0865127447094
3190,1,0.3773407875705981,3190,0.45,541.6727005575935
5129,1,0.46661566714354,5129,0.45,1076.9722905506476
1808,1,0.23378263801179816,1808,0.45,190.205554286399
1240,1,0.2371494121932531,1240,0.45,132.32937200383523
759,1,0.5330471324570568,759,0.45,182.06224809070775
1237,1,0.34893955445282826,1237,0.45,194.23720298616684
1980,1,0.31514962458368556,1980,0.45,280.79831550406385
10961,1,0.4458582588712621,10961,0.45,2199.173568969557
6887,1,0.8661949584887353,6887,0.45,2684.468105600364
1938,1,0.6387767373508334,1938,0.45,557.0771926436618
1835,1,0.36431130090397107,1835,0.45,300.8300567214541
1659,1,0.5992015495160867,1659,0.45,447.33391679123457
1209,1,0.34952212378545944,1209,0.45,190.1575114454792
3844,1,0.7903107731091512,3844,0.45,1367.0795753242098
4843,1,0.5427555710929528,4843,0.45,1182.8543538614267
639,1,0.502015678400644,639,0.45,144.3546083241052
5951,1,0.5525385854164115,5951,0.45,1479.6707048158792
3804,1,0.7342151993062139,3804,0.45,1256.829578172377
4463,1,0.2375212155718076,4463,0.45,477.0257332936398
7980,1,0.39064451598483485,7980,0.45,1402.804456901542
4210,1,0.3678428090864577,4210,0.45,696.8782018142941
4611,1,0.12430596419865465,4611,0.45,257.9286604139985
11560,1,0.4714390239529464,11560,0.45,2452.425802603227
4165,1,0.3013918985708069,4165,0.45,564.8837658963348
4057,1,0.4140459987070629,4057,0.45,755.9030775395494
6458,1,0.403261930271611,6458,0.45,1171.9194955623286
1386,1,0.09263400531148658,1386,0.45,57.775829112774176
1977,1,0.5796837061648648,1977,0.45,515.715609189572
1928,1,0.27610905392768187,1928,0.45,239.5522151876568
1123,1,0.16666163425537153,1123,0.45,84.22245687095202
11328,1,0.7747369920239798,11328,0.45,3949.2992905414394
11938,1,0.5042898676957615,11938,0.45,2709.0955982484
2520,1,0.14562031893057725,2520,0.45,165.1334416672746
1919,1,0.5668072300673268,1919,0.45,489.4663835246401
14782,1,0.9421463680875224,14782,0.45,6267.063425881391
2671,1,0.6486597112901779,2671,0.45,779.6565399852292
12612,1,0.6806190068861115,12612,0.45,3862.7851116814372
3031,1,0.4242275487431153,3031,0.45,578.6251651081722
626,1,0.7464176227125998,626,0.45,210.2658443181394
1935,1,0.42616004621494863,1935,0.45,371.0788602416665
1344,1,0.09114904893130353,1344,0.45,55.12694479365238
1533,1,0.3506133984322689,1533,0.45,241.8706529085007
3931,1,0.7277815703153236,3931,0.45,1287.4092088092918
3349,1,0.6778646899006618,3349,0.45,1021.5759809147925
2302,1,0.7428126942950015,2302,0.45,769.4796700201922
3965,1,0.5698826559926075,3965,0.45,1016.8131289548098
727,1,0.4841035552965753,727,0.45,158.37447811527463
3914,1,0.30536497155502307,3914,0.45,537.8393243998622
4308,1,0.8525425886693657,4308,0.45,1652.7390623944323
1534,1,0.24951923000356746,1534,0.45,172.24312447146264
2775,1,0.09463181013498813,2775,0.45,118.17147290606643
5998,1,0.8271289041497445,5998,0.45,2232.5036251905753
1271,1,0.03374602287792633,1271,0.45,19.301037785029965
1295,1,0.6262410449013095,1295,0.45,364.9419689162381
9398,1,0.49863094759692106,9398,0.45,2108.760140482139
951,1,0.6828046395843069,951,0.45,292.20624551010417
1355,1,0.6098000894032505,1355,0.45,371.82560451363196
3051,1,0.5726278573339422,3051,0.45,786.189416726636
7855,1,0.5289286342179919,7855,0.45,1869.630489802047
433,1,0.39953772948682553,433,0.45,77.84992659050796
9572,1,0.48851812727988936,9572,0.45,2104.2429814453953
1837,1,0.7888829949167487,1837,0.45,652.1301277479304
4249,1,0.46251327102958,4249,0.45,884.3484998721085
5234,1,0.5391367219020778,5234,0.45,1269.828721095964
6758,1,0.663622341677476,6758,0.45,2018.1419032753724
1366,1,0.4524901494788229,1366,0.45,278.1456948846324
1358,1,0.6257005164565046,1358,0.45,382.36558560657
2473,1,0.6588688823605842,2473,0.45,733.2222357349762
1337,1,0.24244651143528828,1337,0.45,145.86794360504118
7763,1,0.9072756247314697,7763,0.45,3169.43130365568
1264,1,0.5132838096910607,1264,0.45,291.95583095227533
2631,1,0.32902142680733437,2631,0.45,389.54491826854354
6560,1,0.6422096419847011,6560,0.45,1895.8028631388377
3123,1,0.6855217913817147,3123,0.45,963.3980495182927
8065,1,0.8221445397503693,8065,0.45,2983.768070889028
2439,1,0.3981600989069243,2439,0.45,437.00061655529476
9034,1,0.9039057560950605,9034,0.45,3674.6480702532494
14027,1,0.7845645618644466,14027,0.45,4952.2891991726665
9629,1,0.4604583148858285,9629,0.45,1995.1889013160394
1484,1,0.07958696633145934,1484,0.45,53.148176116148555
1131,1,0.7373889263560138,1131,0.45,375.29409406889323
2064,1,0.4080239612943356,2064,0.45,378.97265525017895
12976,1,0.5708133901055609,12976,0.45,3333.0935475043907
2580,1,0.13109981168638446,2580,0.45,152.20688136789235
2570,1,0.2967242070393306,2570,0.45,343.16154544098583
3915,1,0.4357190016468671,3915,0.45,767.6279511513682
1309,1,0.05580328955302452,1309,0.45,32.87092771120909
4817,1,0.6122044701887707,4817,0.45,1327.0450198046888
2579,1,0.5381786631354504,2579,0.45,624.5832475018469
2225,1,0.7739066760935177,2225,0.45,774.8740594386346
4153,1,0.5766263694838949,4153,0.45,1077.628190609977
3114,1,0.8279499447752025,3114,0.45,1160.2062576134913
2124,1,0.653302818729225,2124,0.45,624.4268341413933
1553,1,0.7539019304573074,1553,0.45,526.8643641000892
2406,1,0.6528437495575841,2406,0.45,706.8339276459964
1333,1,0.6387010760267974,1333,0.45,383.1248404546744
7119,1,0.8942997039542543,7119,0.45,2864.9338166026514
4870,1,0.6876763803536687,4870,0.45,1507.042787545065
691,1,0.3023824399637298,691,0.45,94.02581970672179
4370,1,0.5727470564318522,4370,0.45,1126.3070864732374
2746,1,0.7974033138864548,2746,0.45,985.3512749694922
4110,1,0.8236868492149956,4110,0.45,1523.4088276231344
2462,1,0.4633464408332168,2462,0.45,513.3415217991209
1282,1,0.5294026305641037,1282,0.45,305.41237757243147
2969,1,0.8065432021441138,2969,0.45,1077.5820452246433
4605,1,0.7517791459567522,4605,0.45,1557.8743352088798
6331,1,0.4321106540639721,6331,0.45,1231.0616478955533
3552,1,0.5710878516622849,3552,0.45,912.8268220969961
697,1,0.7755522195996412,697,0.45,243.25195367742745
1442,1,0.7279530836122563,1442,0.45,472.36875595599315
5293,1,0.6886666616172387,5293,0.45,1640.3006879730199
3414,1,0.6378780514121472,3414,0.45,979.9720503844816
2039,1,0.6432097083327992,2039,0.45,590.17706788076
3161,1,0.8028673189710841,3161,0.45,1142.0386178704184
902,1,0.3583202372891189,902,0.45,145.44218431565335
10297,1,0.6605845653664129,10297,0.45,3060.917671310079
14421,1,0.8880955191581915,14421,0.45,5763.251466801125
1056,1,0.20039904223082042,1056,0.45,95.22962486808586
1274,1,0.5697639814695591,1274,0.45,326.6456905764982
1223,1,0.35479700880523984,1223,0.45,195.26253379596375
1372,1,0.34892915816087006,1372,0.45,215.42886224852117
2625,1,0.07445816235628427,2625,0.45,87.95370428336079
2235,1,0.2209256474372763,2235,0.45,222.19596991004065
959,1,0.3653641763363115,959,0.45,157.67291029793523
884,1,0.33363025414429026,884,0.45,132.71811509859867
1246,1,0.6968893046388891,1246,0.45,390.7458331110251
8086,1,0.6166318071408166,8086,0.45,2243.7381566432896
10127,1,0.1877773267404455,10127,0.45,855.7294445552213
888,1,0.5064347624067826,888,0.45,202.37133105775035
719,1,0.2714275162511912,719,0.45,87.82037288307292
12389,1,0.5801764192265478,12389,0.45,3234.5125460089653
709,1,0.315277661140351,709,0.45,100.58933778682899
6850,1,0.5077563462242359,6850,0.45,1565.1589372362073
2210,1,0.13284371918812812,2210,0.45,132.11307873259344
7485,1,0.306772324236028,7485,0.45,1033.2858811080014
1442,1,0.8689877138855947,1442,0.45,563.8861275403624
797,1,0.04066367305654235,797,0.45,14.584026341728915
4746,1,0.6494651842481639,4746,0.45,1387.0627939988037
939,1,0.0800271928946797,939,0.45,33.81549035764691
1188,1,0.33671065563470165,1188,0.45,180.0055165023115
11590,1,0.20049489427375433,11590,0.45,1045.681121084766
609,1,0.7324226602423544,609,0.45,200.7204300394172
1190,1,0.6065764809830774,1190,0.45,324.8217055664379
2767,1,0.5819763382828637,2767,0.45,724.6478376129077
3441,1,0.6940918761960104,3441,0.45,1074.7665656957124
4280,1,0.8592583802552154,4280,0.45,1654.9316403715447
3092,1,0.36213970970578707,3092,0.45,503.8811920846321
6761,1,0.19091485159963326,6761,0.45,580.8488902493042
1331,1,0.2533356698103225,1331,0.45,151.73539943289268
15945,1,0.920788485310409,15945,0.45,6606.887579223512
3234,1,0.7223388607721104,3234,0.45,1051.2197440816524
802,1,0.19508821377271462,802,0.45,70.40733635057272
9960,1,0.8436887492519265,9960,0.45,3781.4129741471347
8648,1,0.316162218549031,8648,0.45,1230.376889705409
1345,1,0.4935554539921289,1345,0.45,298.724438528736
1845,1,0.7017085180205713,1845,0.45,582.5934970865794
1647,1,0.5819355486842334,1647,0.45,431.30153190731954
4844,1,0.44926582060917625,4844,0.45,979.3096357638824
8318,1,0.8654844819749186,8318,0.45,3239.5949644803177
2100,1,0.32696352422759956,2100,0.45,308.9805303950816
11816,1,0.8869445956124039,11816,0.45,4716.061803790274
448,1,0.7524660495595327,448,0.45,151.69715559120178
11998,1,0.8017498147463797,11998,0.45,4328.727424797179
18424,1,0.78400283409585,18424,0.45,6500.010696921874
14896,1,0.5337769516600074,14896,0.45,3578.0136623673616
2762,1,0.1748804531899482,2762,0.45,217.35891526978662
3386,1,0.16930494938844082,3386,0.45,257.96995138316726
2039,1,0.3323657677883652,2039,0.45,304.96221023421447
2169,1,0.27662620394152704,2169,0.45,270.00100635712744
5096,1,0.5197844614402992,5096,0.45,1191.9697269748942
1882,1,0.7047472081622403,1882,0.45,596.8504105926014
6999,1,0.2200812306085883,6999,0.45,693.1568398632793
2292,1,0.1624227032281342,2292,0.45,167.5227761094976
8978,1,0.21477936111672957,8978,0.45,867.7300968476992
674,1,0.37950165772784117,674,0.45,115.10285278885424
976,1,0.7247794428599955,976,0.45,318.32313130411006
2718,1,0.5977565542425103,2718,0.45,731.1160414940143
750,1,0.7997023774510891,750,0.45,269.89955238974255
12579,1,0.5550307518394368,12579,0.45,3141.7793223247245
7511,1,0.19226341485895096,7511,0.45,649.8407290525114
3966,1,0.5330533492245448,3966,0.45,951.3403123610452
6199,1,0.7201102946890605,6199,0.45,2008.783672549869
1987,1,0.36899766214692015,1987,0.45,329.9392596086687
2303,1,0.595511847544726,2303,0.45,617.1587032029768
12680,1,0.18310900638008942,12680,0.45,1044.8199904047904
6468,1,0.11849537854985104,6468,0.45,344.89264880719645
6350,1,0.42965564190778505,6350,0.45,1227.7409967514957
